<?xml version="1.0" encoding="UTF-8"?>
<plan-library xmlns:xsi="http://www.w3.org/2001/XMLSchema-instance"
	xsi:noNamespaceSchemaLocation="file:plan-library.xsd">
	<plan id="defend">
		<plan-step type="decomposition" id="defend">
			<dec ref="p1"/>
		</plan-step>
		<plan-step type="action" id="p1" label="position">
			<seq ref="turn1"/>
		</plan-step>
		<plan-step type="decomposition" id="turn1">
			<dec ref="t1"/>
			<dec ref="tb1"/>
			<seq ref="c1"/>
			<seq ref="ap1"/>
		</plan-step>
		<plan-step type="action" id="t1" label="without-ball"/>
		<plan-step type="action" id="tb1" label="with-ball"/>
		<plan-step type="action" id="c1" label="clear">
			<seq ref="p2"/>
		</plan-step>
		<plan-step type="action" id="ap1" label="approach-ball">
			<seq ref="p2"/>
		</plan-step>
		<plan-step type="action" id="p2" label="position"/>
	</plan>
	
	<plan id="attack">
		<plan-step type="action" id="attack"/>
	</plan>
</plan-library>
