<?xml version="1.0" encoding="UTF-8"?>
<plan-library xmlns:xsi="http://www.w3.org/2001/XMLSchema-instance"
	xsi:noNamespaceSchemaLocation="file:plan-library.xsd">
	<plan id="goTo(C)">
		<plan-step type="decomposition" id="goto(C)" label="goto(C)">
			<seq ref="move1"/>
			<dec ref="getVehicle"/>
			<dec ref="moveTo"/>
		</plan-step>
	
		<plan-step type="action" id="move1" label="moveTo(garage,foot)" reward="0"/>
		
		<plan-step type="decomposition" id="getVehicle">
			<dec ref="getAirplane"/>
			<dec ref="getShip"/>
		</plan-step>
		
		<plan-step type="decomposition" id="moveTo" label="moveTo(V,C)">
			<dec ref="moveToLondon1"/>
			<dec ref="moveToLondon2"/>
			<dec ref="moveToLondon3"/>
		</plan-step>
		
		<plan-step type="decomposition" id="getAirplane" label="getVehicle(V)">
			<dec ref="moveToAirport"/>
		</plan-step>
		
		<plan-step type="decomposition" id="getShip" label="getVehicle(V)">
			<dec ref="moveToHarbor"/>
		</plan-step>
		
		<plan-step type="action" id="moveToAirport" label="moveTo(airport,car)" reward="0">
			<seq ref="getVehicleA"/>
		</plan-step>
		
		<plan-step type="action" id="getVehicleA" label="getVehicle(airplane)" reward="1"/>
		
		<plan-step type="action" id="moveToHarbor" label="moveTo(harbor,car)" reward="0">
			<seq ref="getVehicleS"/>
		</plan-step>
		
		<plan-step type="action" id="getVehicleS" label="getVehicle(ship)" reward="1"/>
		
		<plan-step type="decomposition" id="moveToLondon1" label="moveTo(V,C)">
			<dec ref="moveToNYC"/>
		</plan-step>
		
		<plan-step type="decomposition" id="moveToLondon2" label="moveTo(V,C)">
			<dec ref="moveToSoton"/>
		</plan-step>
		
		<plan-step type="decomposition" id="moveToLondon3" label="moveTo(V,C)">
			<dec ref="moveToLPool"/>
		</plan-step>
		
		<plan-step type="action" id="moveToNYC" label="moveTo(nyc,airplane)" reward="0">
			<seq ref="moveToLondonA"/>
		</plan-step>
		
		<plan-step type="action" id="moveToLondonA" label="moveTo(london,airplane)" reward="1"/>
		
		<plan-step type="action" id="moveToSoton" label="moveTo(soton,ship)" reward="0">
			<seq ref="moveToLondonS"/>
		</plan-step>
		
		<plan-step type="action" id="moveToLPool" label="moveTo(lpool,ship)" reward="0">
			<seq ref="moveToLondonS"/>
		</plan-step>
		
		<plan-step type="action" id="moveToLondonS" label="moveTo(london,ship)" reward="1"/>
	</plan>
</plan-library>
