<?xml version="1.0" encoding="UTF-8"?>
<plan-library xmlns:xsi="http://www.w3.org/2001/XMLSchema-instance"
	xsi:noNamespaceSchemaLocation="file:plan-library.xsd">
	<plan id="Block">
		<plan-step type="decomposition" id="block">
			<dec ref="move1"/>
		</plan-step>
		<plan-step type="decomposition" id="move1">
			<dec ref="mf1"/>
			<dec ref="mc1"/>
			<seq ref="scout1"/>
		</plan-step>
		<plan-step type="action" id="mf1" label="move-fast" reward="-1"/>
		<plan-step type="action" id="mc1" label="move-careful" reward="-1"/>
		<plan-step type="decomposition" id="scout1">
			<dec ref="su1"/>
			<dec ref="ss1"/>
			<seq ref="h1"/>
		</plan-step>
		<plan-step type="action" id="su1" label="scout-uav" reward="1"/>
		<plan-step type="action" id="ss1" label="scout-sat" reward="1"/>
		<plan-step type="action" id="h1" label="hold" reward="2"/>
	</plan>
	
	<plan id="clear">
		<plan-step type="decomposition" id="clear">
			<dec ref="move2"/>
		</plan-step>
		<plan-step type="decomposition" id="move2">
			<dec ref="mf2"/>
			<dec ref="mc2"/>
			<seq ref="scout2"/>
		</plan-step>
		<plan-step type="action" id="mf2" label="move-fast" reward="-1"/>
		<plan-step type="action" id="mc2" label="move-careful" reward="-1"/>
		<plan-step type="decomposition" id="scout2">
			<dec ref="su2"/>
			<dec ref="ss2"/>
			<seq ref="engage1"/>
		</plan-step>
		<plan-step type="action" id="su2" label="scout-uav" reward="1"/>
		<plan-step type="action" id="ss2" label="scout-sat" reward="1"/>
		<plan-step type="decomposition" id="engage1">
			<dec ref="ac1"/>
			<dec ref="aw1"/>
		</plan-step>
		<plan-step type="action" id="ac1" label="attack-with-cas" reward="1"/>
		<plan-step type="action" id="aw1" label="attack-without-cas" reward="2"/>
	</plan>
	
	<plan id="destroy">
		<plan-step type="decomposition" id="destroy">
			<dec ref="move3"/>
		</plan-step>
		<plan-step type="decomposition" id="move3">
			<dec ref="mf3"/>
			<dec ref="mc3"/>
			<seq ref="scout3"/>
		</plan-step>
		<plan-step type="action" id="mf3" label="move-fast" reward="-1"/>
		<plan-step type="action" id="mc3" label="move-careful" reward="-1"/>
		<plan-step type="decomposition" id="scout3">
			<dec ref="su3"/>
			<dec ref="ss3"/>
			<seq ref="engage2"/>
		</plan-step>
		<plan-step type="action" id="su3" label="scout-uav" reward="1"/>
		<plan-step type="action" id="ss3" label="scout-sat" reward="1"/>
		<plan-step type="decomposition" id="engage2">
			<dec ref="ac2"/>
			<dec ref="aw2"/>
			<seq ref="pu1"/>
		</plan-step>
		<plan-step type="action" id="ac2" label="attack-with-cas" reward="0"/>
		<plan-step type="action" id="aw2" label="attack-without-cas" reward="0"/>
		<plan-step type="action" id="pu1" label="pursue" reward="2"/>
	</plan>
	
	<plan id="feint">
		<plan-step type="decomposition" id="feint">
			<dec ref="move4"/>
		</plan-step>
		<plan-step type="decomposition" id="move4">
			<dec ref="mf4"/>
			<dec ref="mc4"/>
			<seq ref="scout4"/>
		</plan-step>
		<plan-step type="action" id="mf4" label="move-fast" reward="-1"/>
		<plan-step type="action" id="mc4" label="move-careful" reward="-1"/>
		<plan-step type="decomposition" id="scout4">
			<dec ref="su4"/>
			<dec ref="ss4"/>
			<seq ref="engage3"/>
		</plan-step>
		<plan-step type="action" id="su4" label="scout-uav" reward="1"/>
		<plan-step type="action" id="ss4" label="scout-sat" reward="1"/>
		<plan-step type="decomposition" id="engage3">
			<dec ref="ac3"/>
			<dec ref="aw3"/>
			<seq ref="r1"/>
		</plan-step>
		<plan-step type="action" id="ac3" label="attack-with-cas" reward="0"/>
		<plan-step type="action" id="aw3" label="attack-without-cas" reward="1"/>
		<plan-step type="action" id="r1" label="retreat" reward="1">
			<seq ref="h2"/>
		</plan-step>
		<plan-step type="action" id="h2" label="hold" reward="2"/>
	</plan>
	
	<plan id="seize">
		<plan-step type="decomposition" id="seize">
			<dec ref="move5"/>
		</plan-step>
		<plan-step type="decomposition" id="move5">
			<dec ref="mf5"/>
			<dec ref="mc5"/>
			<seq ref="scout5"/>
		</plan-step>
		<plan-step type="action" id="mf5" label="move-fast" reward="-1"/>
		<plan-step type="action" id="mc5" label="move-careful" reward="-1"/>
		<plan-step type="decomposition" id="scout5">
			<dec ref="su5"/>
			<dec ref="ss5"/>
			<seq ref="engage4"/>
		</plan-step>
		<plan-step type="action" id="su5" label="scout-uav" reward="1"/>
		<plan-step type="action" id="ss5" label="scout-sat" reward="1"/>
		<plan-step type="decomposition" id="engage4">
			<dec ref="ac4"/>
			<dec ref="aw4"/>
			<seq ref="h3"/>
		</plan-step>
		<plan-step type="action" id="ac4" label="attack-with-cas" reward="0"/>
		<plan-step type="action" id="aw4" label="attack-without-cas" reward="1"/>
		<plan-step type="action" id="h3" label="hold" reward="2"/>
	</plan>
</plan-library>
